{"id":55,"total_price":1199.15,"created_at":"2014-02-24T16:07:16.000Z","email":"MISTY@ROTEMINC.COM","first_name":"Misty","city":"Durham","country":"US","browser_ip":"70.61.87.226","currency":"USD","digital":false,"products":[{"title":"Visa thank you scroll","price":75.0,"quantity":1},{"title":"Visa thank you scroll","price":75.0,"quantity":1},{"title":"Visa thank you scroll","price":75.0,"quantity":1},{"title":"Visa thank you scroll","price":75.0,"quantity":1},{"title":"Visa thank you scroll","price":75.0,"quantity":1},{"title":"Visa thank you scroll","price":75.0,"quantity":1},{"title":"Visa thank you scroll","price":75.0,"quantity":1},{"title":"Visa thank you scroll","price":75.0,"quantity":1},{"title":"Visa thank you scroll","price":75.0,"quantity":1},{"title":"Visa thank you scroll","price":75.0,"quantity":1},{"title":"Visa thank you scroll","price":75.0,"quantity":1},{"title":"Visa thank you scroll","price":75.0,"quantity":1},{"title":"Visa thank you scroll","price":75.0,"quantity":1},{"title":"Visa thank you scroll","price":75.0,"quantity":1},{"title":"Visa thank you scroll","price":75.0,"quantity":1}]}