{"id":76,"total_price":267.35,"created_at":"2014-05-20T15:28:25.000Z","email":"KAHILLA@AOL.COM","first_name":"Kahilla","city":"Hattiesburg","country":"US","browser_ip":"97.77.118.174","currency":"USD","digital":false,"products":[{"title":"Visa Congratulations By Derhardt","price":20.0,"quantity":1},{"title":"Visa Congratulations By Derhardt","price":20.0,"quantity":1},{"title":"Visa Congratulations By Derhardt","price":20.0,"quantity":1},{"title":"Visa Congratulations By Derhardt","price":20.0,"quantity":1},{"title":"Visa Bravo Abc By Sue","price":20.0,"quantity":1},{"title":"Visa Bravo Abc By Sue","price":20.0,"quantity":1},{"title":"Visa Bravo Abc By Sue","price":20.0,"quantity":1},{"title":"Visa Bravo Abc By Sue","price":20.0,"quantity":1},{"title":"Visa Bravo Abc By Sue","price":20.0,"quantity":1},{"title":"Visa Bravo Abc By Sue","price":20.0,"quantity":1},{"title":"Visa Bravo Abc By Sue","price":20.0,"quantity":1}]}