{"id":81,"total_price":525.27,"created_at":"2015-01-29T23:37:24.000Z","email":"GEORGE@TSIMPOUKLIS.GR","first_name":"George","city":"Glyfada","country":"GR","browser_ip":"2.84.217.212","currency":"USD","digital":false,"products":[{"title":"Burberry Polo Shirt Long Sleeve | BLACK","price":130.66,"quantity":1},{"title":"Burberry T-shirt Long Sleeve | PEWTER","price":118.78,"quantity":1},{"title":"Burberry Shirt Button Down | BLACK","price":138.57,"quantity":1},{"title":"Burberry Shirt Check Detail Stretch-Cotton | NAVY","price":138.57,"quantity":1}]}